-- MySQL dump 10.13  Distrib 8.0.44, for macos12.7 (arm64)
--
-- Host: localhost    Database: peachtrack
-- ------------------------------------------------------
-- Server version	8.0.44

/*!40101 SET @OLD_CHARACTER_SET_CLIENT=@@CHARACTER_SET_CLIENT */;
/*!40101 SET @OLD_CHARACTER_SET_RESULTS=@@CHARACTER_SET_RESULTS */;
/*!40101 SET @OLD_COLLATION_CONNECTION=@@COLLATION_CONNECTION */;
/*!50503 SET NAMES utf8mb4 */;
/*!40103 SET @OLD_TIME_ZONE=@@TIME_ZONE */;
/*!40103 SET TIME_ZONE='+00:00' */;
/*!40014 SET @OLD_UNIQUE_CHECKS=@@UNIQUE_CHECKS, UNIQUE_CHECKS=0 */;
/*!40014 SET @OLD_FOREIGN_KEY_CHECKS=@@FOREIGN_KEY_CHECKS, FOREIGN_KEY_CHECKS=0 */;
/*!40101 SET @OLD_SQL_MODE=@@SQL_MODE, SQL_MODE='NO_AUTO_VALUE_ON_ZERO' */;
/*!40111 SET @OLD_SQL_NOTES=@@SQL_NOTES, SQL_NOTES=0 */;

--
-- Dumping data for table `employee`
--

LOCK TABLES `employee` WRITE;
/*!40000 ALTER TABLE `employee` DISABLE KEYS */;
INSERT INTO `employee` VALUES (10000,101,'System Admin','admin@peach'),(10001,102,'Pawandeep kaur','PK@peach'),(10002,101,'Romanie Wright','romanie@peach'),(10003,101,'Mandeep Kaur','mandeep@peach'),(10010,101,'Eliser Roluna','administrator@peach'),(10011,102,'sumit','sumit@peach');
/*!40000 ALTER TABLE `employee` ENABLE KEYS */;
UNLOCK TABLES;

--
-- Dumping data for table `user_type`
--

LOCK TABLES `user_type` WRITE;
/*!40000 ALTER TABLE `user_type` DISABLE KEYS */;
INSERT INTO `user_type` VALUES (101,'Manager'),(102,'Server');
/*!40000 ALTER TABLE `user_type` ENABLE KEYS */;
UNLOCK TABLES;

--
-- Dumping data for table `credential`
--

LOCK TABLES `credential` WRITE;
/*!40000 ALTER TABLE `credential` DISABLE KEYS */;
INSERT INTO `credential` VALUES (10000,'$2y$12$fmB6.QOAdgrZHRt7lWxgkuxI5EKl1Y0as2oQKGKkh6sQ5CYeUKc6m'),(10001,'$2y$12$LCNO8Xu.3xRHfUbwr4zS/O6PoMGJy2wLr6Ply5Trsy2slMYdf2r0K'),(10002,'$2y$12$c3X/J4HhiwygFAd.PkBKVeuBH.gw63sL0j9EOxn92PZDlh3z8gvVG'),(10003,'$2y$12$/aWotLgN8PItX7ujzYrt5urD4d85jZeVJQijixuXE9FoHV8vibx/S'),(10010,'$2y$12$fmB6.QOAdgrZHRt7lWxgkuxI5EKl1Y0as2oQKGKkh6sQ5CYeUKc6m'),(10011,'$2y$10$ufjdiyuDNmW4Sk2HDTAZkukOWB799hMZF0VEoUJ6BqRtKCbp2FsYS');
/*!40000 ALTER TABLE `credential` ENABLE KEYS */;
UNLOCK TABLES;

--
-- Dumping data for table `shift`
--

LOCK TABLES `shift` WRITE;
/*!40000 ALTER TABLE `shift` DISABLE KEYS */;
INSERT INTO `shift` VALUES (10,10003,'2025-12-18 20:51:03',NULL,180.00),(11,10003,'2026-01-13 20:37:51','2026-02-07 22:43:19',90.00),(12,10003,'2026-01-16 16:22:17','2026-02-07 22:43:16',150.00),(13,10001,'2026-02-03 00:26:00','2026-02-07 22:43:14',100.00),(14,10001,'2026-02-03 00:27:19','2026-02-07 22:43:11',0.00),(15,10001,'2026-02-07 23:42:00','2026-02-07 23:42:00',260.00);
/*!40000 ALTER TABLE `shift` ENABLE KEYS */;
UNLOCK TABLES;

--
-- Dumping data for table `tip`
--

LOCK TABLES `tip` WRITE;
/*!40000 ALTER TABLE `tip` DISABLE KEYS */;
INSERT INTO `tip` VALUES (12,10,20.00,1),(13,11,20.00,0),(14,11,24.00,1),(15,12,10.00,0),(16,12,35.00,1),(17,12,5.00,0),(18,12,20.00,0),(19,13,20.00,1),(20,13,15.00,0),(21,15,20.00,1),(22,15,15.00,0);
/*!40000 ALTER TABLE `tip` ENABLE KEYS */;
UNLOCK TABLES;
/*!40103 SET TIME_ZONE=@OLD_TIME_ZONE */;

/*!40101 SET SQL_MODE=@OLD_SQL_MODE */;
/*!40014 SET FOREIGN_KEY_CHECKS=@OLD_FOREIGN_KEY_CHECKS */;
/*!40014 SET UNIQUE_CHECKS=@OLD_UNIQUE_CHECKS */;
/*!40101 SET CHARACTER_SET_CLIENT=@OLD_CHARACTER_SET_CLIENT */;
/*!40101 SET CHARACTER_SET_RESULTS=@OLD_CHARACTER_SET_RESULTS */;
/*!40101 SET COLLATION_CONNECTION=@OLD_COLLATION_CONNECTION */;
/*!40111 SET SQL_NOTES=@OLD_SQL_NOTES */;

-- Dump completed on 2026-02-07 17:45:09
